1,2twenty
2,Access Motors
3,Acm
4,Aeon
5,Ajp
6,Apollo Motors
7,Aprilia
8,Archive Motorcycle
9,Arctic Cat
10,Awr
11,Axr
12,Baotian
13,Barossa
14,Bastos
15,Benelli
16,Beta
17,Beyond
18,Bimota
19,Black Forest
20,Blaney
21,Bmw
22,Bombardier
23,Brammo
24,Brixton
25,Buell
26,Buggy
27,Bullit
28,Cagiva
29,Can Am
30,Cannondale
31,Carvos
32,Cf Moto
33,Clipic
34,Cyclone
35,Daelim
36,Daren
37,Dazon
38,Derbi
39,Dinli
40,Dirt Demon
41,Ducati
42,Eccho
43,Eml
44,Eton
45,Fantic
46,Fb Mondial
47,Fox
48,Gas Gas
49,Gilera
50,Guzzi
51,Harley Davidson
52,Her Chee
53,Heroway
54,Honda
55,Hondhu
56,Husaberg
57,Husqvarna
58,Hyosung
59,Hytrack
60,Indian
61,James B
62,Jialing
63,Jinling
64,Jinlong
65,Jm Motors
66,Jonway
67,Jordan
68,Kasea
69,Kawasaki
70,Keeway
71,Kerox
72,Kinder
73,Kl
74,Ksr
75,Ktm
76,Kvn
77,Kymco
78,Lambretta
79,Laverda
80,Lem
81,Leonart
82,Linhai
83,Loncin
84,Longjia
85,M Fergusson
86,Magpower
87,Malaguti
88,Masai
89,Mash
90,Matra
91,Mbk
92,Mh Motorhispania
93,Minibike
94,Minico
95,Morini
96,Motoconfort
97,Motortek
98,Motrac
99,Msa
100,Mv-agusta
101,Mz
102,Neco
103,Newstar
104,Newteam
105,Niu
106,Norton
107,Orcal
108,Ossa
109,Peugeot
110,Pgo
111,Piaggio
112,Polaris
113,Quaddy
114,Quadro
115,Revatto
116,Rieju
117,Roxon
118,Royal-enfield
119,Scooth
120,Scorpa
121,Secma
122,Sherco
123,Sky Team
124,Skyteam
125,Smc
126,Sukida
127,Sumo Motor
128,Super Soco
129,Suzuki
130,Swm
131,Sym
132,Tgb
133,Tnt Motor
134,Tom Do
135,Triton
136,Triumph
137,Twister
138,Vastro
139,Vertigo
140,Vespa
141,Victory
142,Vls
143,Voge
144,Voxan
145,Wangye
146,Xingyue
147,Yamaha
148,Yamasaki
149,Ycf
150,Yiying
151,Zero
152,Znen
153,Zongshen
